<?xml version="1.0" encoding="utf-8"?>
<ApplicationInstallerManifest>
   <DefaultInstallationDirectory>/Applications/University_of_Geneva/SAN_plot_from_bruker_data/</DefaultInstallationDirectory>
   <ApplicationName>SAN_plot_from_bruker_data</ApplicationName>
   <ExecutableName>application/SAN_plot_from_bruker_data.exe</ExecutableName>
   <GUID>eafba02c-36a2-422a-946d-ab8625196a30</GUID>
   <ApplicationIcon>default_icon_48.png</ApplicationIcon>
   <Logo>default_logo.png</Logo>
   <Version>1.0</Version>
   <InstallationNotes>In the following directions, replace MR/v95 by the directory on the target machine where MATLAB is installed, or MR by the directory where the MATLAB Runtime is installed.

If the environment variable DYLD_LIBRARY_PATH is undefined, set it to the following string:

MR/v95/runtime/maci64:MR/v95/sys/os/maci64:MR/v95/bin/maci64

If it is defined, set it to the following:

${DYLD_LIBRARY_PATH}:MR/v95/runtime/maci64:MR/v95/sys/os/maci64:MR/v95/bin/maci64
</InstallationNotes>
   <AuthorOrganization>University of Geneva</AuthorOrganization>
   <Summary>Plotting SAN plot from Bruker data</Summary>
   <WelcomePanelText>SAN_plot_from_bruker_data 1.0
Plotting SAN plot from Bruker data

Plotting SAN plot from Bruker data

Damien Jeannerat
damien.jeannerat@unige.ch</WelcomePanelText>
   <MCRProducts>
      <MCRProduct>
         <ExternalProductIdentifier>35000</ExternalProductIdentifier>
      </MCRProduct>
      <MCRProduct>
         <ExternalProductIdentifier>35010</ExternalProductIdentifier>
      </MCRProduct>
   </MCRProducts>
</ApplicationInstallerManifest>