<?xml version="1.0" encoding="utf-8"?>
<productAdditionalComps>
   <dependsOn>
      <component>
         <name>SAN_plot_from_bruker_data</name>
         <locale/>
         <platformList>
            <platform>maci64</platform>
         </platformList>
         <version>1.0</version>
      </component>
   </dependsOn>
   <isControllingProduct>true</isControllingProduct>
   <platform>maci64</platform>
   <productName>SAN_plot_from_bruker_data</productName>
   <productNumber>5000</productNumber>
   <productBaseCode>SAN_plot_from_bruker_data</productBaseCode>
   <productVersion>1.0</productVersion>
   <releaseFamily>R2018b</releaseFamily>
   <releaseDescription>R2018b</releaseDescription>
</productAdditionalComps>